policy,seed,acc@1,acc@3,acc@5,acc@10
gcnn:baseline,0,0.1327,0.2928,0.38285,0.51005
gcnn:baseline,1,0.15775,0.35185,0.4738,0.6317
gcnn:baseline,2,0.1575,0.37785,0.50685,0.6382
gcnn:baseline,3,0.2206,0.41285,0.5004,0.62005
gcnn:baseline,4,0.0954,0.2354,0.34435,0.53855
